age,sex,bmi,smoker,region,actual_charges,predicted_charges,forecast_error
45,male,30.36,true,southeast,62592.87,32645.52,-29947.35
31,female,38.095,true,northeast,58571.07,32887.87,-25683.2
55,female,26.8,false,southwest,35160.13,11193.27,-23966.86
24,female,23.21,false,southeast,25081.77,1548.9,-23532.87
33,female,35.53,true,northwest,55135.4,31718.28,-23417.13
20,male,35.31,false,southeast,27724.29,4458.08,-23266.21
54,female,47.41,true,southeast,63770.43,40519.48,-23250.95
52,male,34.485,true,northwest,60021.4,37574.41,-22446.99
34,male,22.42,false,northeast,27375.9,5309.38,-22066.52
44,male,29.735,false,northeast,32108.66,10150.51,-21958.16
59,female,34.8,false,southwest,36910.61,15208.75,-21701.86
23,male,18.715,false,northwest,21595.38,-95.62,-21691.01
21,female,32.68,false,northwest,26018.95,5015.07,-21003.88
28,male,36.4,true,southwest,51194.56,30611.75,-20582.81
50,male,25.365,false,northwest,30284.64,9979.02,-20305.63
61,female,33.33,false,southeast,36580.28,16316.54,-20263.74
19,female,30.59,false,northwest,24059.68,3853.89,-20205.79
19,male,33.1,false,southwest,23082.96,2994.38,-20088.58
19,male,27.265,false,northwest,22493.66,2534.65,-19959.01
25,male,24.985,false,northeast,23241.47,3767.71,-19473.76
45,female,27.645,false,northwest,28340.19,9164.09,-19176.1
28,female,24.32,false,northeast,23288.93,4118.52,-19170.41
23,female,24.225,false,northeast,22395.74,3311.83,-19083.91
52,female,37.525,false,northwest,33471.97,14535.12,-18936.85
18,female,30.115,false,northeast,21344.85,2794.27,-18550.57
33,male,22.705,false,northwest,21984.47,3722.27,-18262.2
47,female,24.1,false,southwest,26236.58,8290.36,-17946.22
26,female,29.64,false,northeast,24671.66,6790.37,-17881.3
52,female,24.86,false,southeast,27117.99,9308.73,-17809.27
60,male,28.595,false,northeast,30260.0,12908.59,-17351.4
64,male,24.7,false,northwest,30166.62,12882.84,-17283.78
60,female,25.84,false,northwest,28923.14,11976.09,-16947.04
49,female,27.1,false,southwest,26140.36,9731.58,-16408.78
40,female,41.42,false,northwest,28476.73,12108.18,-16368.56
46,male,27.6,false,southwest,24603.05,8294.88,-16308.17
53,male,31.35,false,southeast,27346.04,11268.94,-16077.1
24,female,27.6,false,southwest,18955.22,2892.84,-16062.38
48,male,36.67,false,northwest,28468.92,12422.43,-16046.49
53,female,32.3,false,northeast,29186.48,13566.88,-15619.6
50,female,27.36,false,northeast,25656.58,10234.52,-15422.05
60,male,32.8,true,southwest,52590.83,37274.4,-15316.43
19,female,27.93,false,northwest,18838.7,3552.87,-15285.83
28,female,27.5,false,southwest,20177.67,4933.2,-15244.47
52,male,26.4,false,southeast,25992.82,11039.33,-14953.5
62,female,36.86,false,northeast,31620.0,16783.62,-14836.38
54,male,25.46,false,northeast,25517.11,10907.38,-14609.73
29,male,29.64,false,northeast,20277.81,5718.68,-14559.13
55,male,37.715,false,northwest,30063.58,15592.16,-14471.42
35,female,38.095,false,northeast,24915.05,10688.19,-14226.86
39,male,34.1,false,southeast,23563.02,9524.32,-14038.7
44,female,38.06,true,southeast,48885.14,35052.11,-13833.03
28,male,33.82,false,northwest,19673.34,5847.77,-13825.56
37,male,29.8,false,southwest,20420.6,6640.88,-13779.72
54,female,31.9,false,southeast,27322.73,13545.9,-13776.84
21,male,31.02,false,southeast,16586.5,2879.32,-13707.18
48,female,35.91,false,northeast,26392.26,12865.24,-13527.02
29,male,35.5,true,southwest,44585.46,31111.35,-13474.1
32,female,23.65,false,southeast,17626.24,4273.88,-13352.35
25,female,32.23,false,southeast,18218.16,5101.26,-13116.9
34,female,30.21,true,northwest,43943.88,30857.67,-13086.2
54,male,30.02,false,northwest,24476.48,11412.42,-13064.06
59,female,36.52,false,southeast,28287.9,15227.53,-13060.37
50,male,32.11,false,northeast,25333.33,12435.4,-12897.94
62,male,31.46,false,southeast,27000.98,14151.38,-12849.61
61,female,25.08,false,southeast,24513.09,11707.45,-12805.64
27,female,32.395,false,northeast,18903.49,6344.5,-12558.99
52,male,36.765,false,northwest,26467.1,14005.24,-12461.86
29,male,33.345,false,northwest,19442.35,6995.72,-12446.63
27,female,30.4,false,northwest,18804.75,6385.0,-12419.75
29,male,29.735,false,northwest,18157.88,5884.79,-12273.09
23,female,23.18,false,northwest,14426.07,2609.56,-11816.51
48,male,29.6,false,southwest,21232.18,9428.36,-11803.83
38,male,19.3,true,southwest,15820.7,27421.89,11601.19
61,male,36.1,false,southwest,27941.29,16348.37,-11592.92
18,male,21.78,false,southeast,11884.05,293.94,-11590.11
40,male,19.8,true,southeast,17179.52,28618.36,11438.84
57,female,23.98,false,southeast,22192.44,10850.49,-11341.95
33,female,19.095,true,northeast,16776.3,28076.41,11300.11
43,male,20.13,true,southeast,18767.74,30014.48,11246.74
39,female,18.3,true,southwest,19023.26,30256.97,11233.71
26,female,17.195,true,northeast,14455.64,25678.69,11223.05
52,female,30.875,false,northeast,23045.57,11834.23,-11211.34
27,female,17.955,true,northeast,15006.58,26171.58,11165.0
44,female,20.235,true,northeast,19594.81,30758.69,11163.88
43,female,20.045,true,northeast,19798.05,30958.78,11160.73
27,female,30.59,false,northeast,16796.41,5789.03,-11007.38
30,male,38.83,false,southeast,18963.17,8131.34,-10831.83
29,male,22.895,true,northeast,16138.76,26878.68,10739.91
29,female,21.85,true,northeast,16115.3,26853.1,10737.79
40,female,22.22,true,southeast,19444.27,30176.65,10732.39
42,female,23.37,true,northeast,19964.75,30687.89,10723.14
29,female,21.755,true,northeast,16657.72,27341.42,10683.71
36,female,22.6,true,southwest,18608.26,29250.55,10642.29
53,male,20.9,true,southeast,21195.82,31806.33,10610.52
37,male,36.19,false,southeast,19214.71,8614.36,-10600.34
33,male,24.795,true,northeast,17904.53,28499.39,10594.86
42,male,24.64,true,southeast,19515.54,30108.25,10592.71
45,male,22.895,true,northwest,21098.55,31677.15,10578.59
24,female,20.52,true,northeast,14571.89,25148.79,10576.9
56,male,19.95,true,northeast,22412.65,32965.44,10552.79
42,male,24.605,true,northeast,21259.38,31807.06,10547.68
27,female,20.045,true,northwest,16420.49,26951.63,10531.13
18,male,17.29,true,northeast,12829.46,23339.91,10510.45
30,male,22.99,true,northwest,17361.77,27821.35,10459.59
22,male,52.58,true,southeast,44501.4,34043.98,-10457.42
35,male,24.42,true,southeast,19362.0,29780.22,10418.22
39,male,26.41,true,northeast,20149.32,30550.4,10401.07
48,male,24.42,true,southeast,21223.68,31594.56,10370.89
23,female,28.0,false,southwest,13126.68,2756.93,-10369.75
34,male,25.3,true,southeast,18972.49,29274.47,10301.97
51,male,23.21,true,southeast,22218.11,32516.77,10298.65
32,female,24.6,true,southwest,17496.31,27794.89,10298.59
37,female,25.555,true,northeast,20296.86,30582.85,10285.98
43,female,25.27,true,northeast,21771.34,32049.15,10277.81
39,female,24.89,true,northeast,21659.93,31931.33,10271.4
46,female,23.655,true,northwest,21677.28,31948.48,10271.19
30,male,24.4,true,southwest,18259.22,28472.02,10212.81
47,male,25.41,true,southeast,21978.68,32157.78,10179.11
28,male,23.98,true,southeast,17663.14,27831.8,10168.66
43,female,24.7,true,northwest,21880.82,32010.62,10129.8
37,female,26.4,true,southeast,19539.24,29650.87,10111.62
49,female,23.845,true,northeast,24106.91,34199.76,10092.85
30,female,23.655,true,northwest,18765.88,28839.57,10073.69
25,male,24.13,true,northwest,15817.99,25842.04,10024.05
36,male,28.025,true,northeast,20773.63,30787.95,10014.32
33,male,27.1,true,southwest,19040.88,29044.8,10003.92
31,male,25.9,true,southwest,19199.94,29192.63,9992.69
53,female,22.88,true,southeast,23244.79,33229.23,9984.44
53,female,22.61,true,northeast,24873.38,34855.72,9982.33
27,female,24.75,true,southeast,16577.78,26553.08,9975.3
35,male,27.74,true,northeast,20984.09,30958.81,9974.71
52,male,24.32,true,northeast,24869.84,34826.94,9957.1
42,female,26.6,true,northwest,21348.71,31301.19,9952.49
47,female,26.125,true,northeast,23401.31,33348.28,9946.97
21,female,21.85,true,northeast,15359.1,25298.64,9939.54
49,male,25.6,true,southwest,23306.55,33244.79,9938.24
24,male,33.63,false,northeast,17128.43,7204.23,-9924.2
39,male,28.3,true,southwest,21082.16,30968.1,9885.94
43,female,26.885,true,northwest,21774.32,31647.9,9873.58
18,male,21.565,true,northeast,13747.87,23620.36,9872.49
51,male,24.795,true,northwest,23967.38,33815.86,9848.48
43,female,26.7,true,southwest,22478.6,32325.29,9846.69
25,female,41.325,false,northeast,17878.9,8057.03,-9821.87
34,male,27.835,true,northwest,20009.63,29830.79,9821.15
40,female,28.12,true,northeast,22331.57,32149.2,9817.63
49,male,25.84,true,northwest,23807.24,33619.45,9812.2
52,female,24.13,true,northwest,23887.66,33648.66,9761.0
19,female,32.49,true,northwest,36898.73,27156.72,-9742.01
48,female,25.85,true,southeast,24180.93,33883.32,9702.39
35,female,28.025,true,northwest,20234.85,29926.71,9691.85
19,female,21.7,true,southwest,13844.51,23535.43,9690.92
39,male,29.925,true,northeast,22462.04,32149.66,9687.61
26,male,27.06,true,southeast,17043.34,26708.94,9665.6
18,female,21.66,true,northeast,14283.46,23945.6,9662.14
48,male,28.0,true,southwest,23568.27,33206.79,9638.52
32,male,28.93,true,southeast,19719.69,29355.99,9636.3
47,female,27.83,true,southeast,23065.42,32680.95,9615.53
42,male,30.0,true,southwest,22144.03,31750.69,9606.66
20,female,22.42,true,northwest,14711.74,24316.8,9605.06
47,female,33.345,false,northeast,20878.78,11299.33,-9579.45
52,female,25.3,true,southeast,24667.42,34232.51,9565.09
54,male,25.1,true,southwest,25382.3,34903.49,9521.19
18,female,38.28,false,southeast,14133.04,4632.5,-9500.54
31,male,29.81,true,southeast,19350.37,28850.23,9499.87
32,male,28.12,true,northwest,21472.48,30953.18,9480.7
29,female,27.94,true,southeast,19107.78,28570.33,9462.55
24,male,26.79,false,northwest,12609.89,3165.93,-9443.96
30,female,28.38,true,southeast,19521.97,28964.74,9442.77
52,male,27.36,true,northwest,24393.62,33829.09,9435.47
47,male,28.215,true,northwest,24915.22,34349.88,9434.66
47,female,27.645,true,northwest,24535.7,33952.92,9417.22
27,male,28.5,true,northwest,18310.74,27704.86,9394.11
50,female,27.6,true,southwest,24520.26,33897.71,9377.44
27,male,29.15,true,southeast,18246.5,27611.12,9364.62
30,male,28.69,true,northwest,20745.99,30093.02,9347.03
19,male,44.88,true,southeast,39722.75,30379.82,-9342.92
47,male,29.8,true,southwest,25309.49,34536.85,9227.36
18,male,25.175,true,northeast,15518.18,24731.3,9213.11
18,female,42.24,true,southeast,38792.69,29604.4,-9188.29
59,female,23.655,true,northwest,25678.78,34797.94,9119.16
21,male,25.7,true,southwest,17942.11,27058.63,9116.52
24,male,29.83,true,northeast,18648.42,27717.83,9069.41
56,male,26.695,true,northwest,26109.33,35178.01,9068.68
20,male,27.3,true,southwest,16232.85,25221.75,8988.91
63,female,37.7,true,southwest,48824.45,39855.33,-8969.12
64,male,36.96,true,southeast,49577.66,40632.76,-8944.9
25,male,45.54,true,southeast,42112.24,33172.07,-8940.17
19,male,26.03,true,northwest,16450.89,25390.29,8939.39
37,female,47.6,true,southwest,46113.51,37203.01,-8910.5
60,male,40.92,true,southeast,48673.56,39780.27,-8893.29
25,male,29.7,true,southwest,19933.46,28808.02,8874.57
23,female,28.31,true,northwest,18033.97,26906.39,8872.42
59,male,41.14,true,southeast,48970.25,40106.53,-8863.72
23,female,28.49,true,southeast,18328.24,27185.57,8857.34
20,female,26.84,true,southeast,17085.27,25900.8,8815.53
18,male,28.31,false,northeast,11272.33,2460.36,-8811.97
19,male,27.7,true,southwest,16297.85,25085.85,8788.0
57,male,28.975,true,northeast,27218.44,36001.78,8783.34
57,male,42.13,true,southeast,48675.52,39893.19,-8782.33
18,male,27.36,true,northeast,17178.68,25921.27,8742.58
60,male,39.9,true,southwest,48173.36,39459.34,-8714.02
20,male,28.025,true,northwest,17560.38,26263.23,8702.85
23,female,42.75,true,northeast,40904.2,32248.37,-8655.83
64,male,23.76,true,southeast,26926.51,35535.49,8608.97
43,female,46.2,true,southeast,45863.21,37298.1,-8565.11
19,female,27.9,true,southwest,16884.92,25443.4,8558.48
64,female,22.99,true,southeast,27037.91,35594.54,8556.62
64,female,33.8,true,southwest,47928.03,39431.71,-8496.32
62,male,26.695,true,northeast,28101.33,36595.15,8493.82
50,female,27.83,false,southeast,19749.38,11257.39,-8491.99
55,male,33.0,false,southeast,20781.49,12294.71,-8486.77
19,female,28.3,true,southwest,17081.08,25566.5,8485.42
19,male,29.07,true,northwest,17352.68,25808.25,8455.57
19,female,28.31,true,northwest,17468.98,25870.38,8401.39
61,female,36.385,true,northeast,48517.56,40131.7,-8385.86
51,male,42.9,true,southeast,47462.89,39093.69,-8369.2
20,male,39.4,true,southwest,38344.57,29980.51,-8364.05
57,female,29.81,true,southeast,27533.91,35880.3,8346.38
18,female,27.28,true,southeast,18223.45,26553.33,8329.87
44,female,43.89,true,southeast,46200.99,37881.35,-8319.64
45,female,31.79,false,southeast,17929.3,9628.34,-8300.97
19,female,28.88,true,northwest,17748.51,26045.79,8297.28
63,male,35.09,true,southeast,47055.53,38763.16,-8292.37
62,female,26.29,true,southeast,27808.73,36092.07,8283.34
61,male,36.3,true,southwest,47403.88,39128.05,-8275.83
52,male,41.8,true,southeast,47269.85,39014.18,-8255.67
18,male,38.17,true,southeast,36307.8,28055.9,-8251.9
64,male,33.88,true,southeast,46889.26,38649.8,-8239.46
54,male,40.565,true,northeast,48549.18,40344.15,-8205.03
18,female,33.88,false,southeast,11482.63,3278.45,-8204.18
18,female,36.85,true,southeast,36149.48,27945.69,-8203.79
59,female,36.765,true,northeast,47896.79,39730.64,-8166.15
59,male,29.83,true,northeast,30184.94,38335.59,8150.65
58,male,36.955,true,northwest,47496.49,39370.97,-8125.52
58,female,41.91,false,southeast,24227.34,16109.68,-8117.66
61,male,35.86,true,southeast,46599.11,38482.11,-8117.0
64,female,31.3,true,southwest,47291.06,39179.93,-8111.12
63,female,32.2,true,southwest,47305.31,39197.89,-8107.41
61,male,28.31,true,northwest,28868.66,36970.02,8101.36
27,male,42.13,true,southeast,39611.76,31605.56,-8006.2
46,male,42.35,true,southeast,46151.12,38146.99,-8004.13
19,male,36.955,true,northwest,36219.41,28234.77,-7984.64
63,female,27.74,true,northeast,29523.17,37471.75,7948.58
24,male,40.15,true,southeast,38126.25,30219.23,-7907.01
63,female,26.98,true,northwest,28950.47,36857.18,7906.71
43,male,35.31,false,southeast,18806.15,10932.69,-7873.45
61,female,29.07,true,northwest,29141.36,36982.35,7840.99
24,male,28.5,true,northeast,35147.53,27308.54,-7838.99
20,male,35.625,true,northwest,37465.34,29637.16,-7828.18
19,female,34.7,true,southwest,36397.58,28571.15,-7826.43
48,male,40.565,true,northwest,45702.02,37891.89,-7810.13
53,female,36.86,true,northwest,46661.44,38860.3,-7801.14
64,female,26.885,true,northwest,29330.98,37086.94,7755.96
18,male,53.13,false,southeast,1163.46,8906.41,7742.94
22,male,37.62,true,southeast,37165.16,29440.21,-7724.95
22,male,37.07,true,southeast,37484.45,29788.52,-7695.93
62,male,30.875,true,northwest,46718.16,39053.5,-7664.67
36,male,41.895,true,northeast,43753.34,36091.4,-7661.93
30,female,39.05,true,southeast,40932.43,33283.43,-7649.0
23,female,36.67,true,northeast,38511.63,30894.89,-7616.74
42,female,40.37,true,southeast,43896.38,36280.11,-7616.27
18,male,39.14,false,northeast,12890.06,5275.6,-7614.45
35,male,39.71,false,northeast,19496.72,11924.3,-7572.42
61,female,29.92,true,southeast,30942.19,38502.84,7560.65
60,female,32.45,true,southeast,45008.96,37469.73,-7539.22
51,female,38.06,true,southeast,44400.41,36865.12,-7535.28
19,male,34.9,true,southwest,34828.65,27301.56,-7527.09
19,male,34.8,true,southwest,34779.61,27270.79,-7508.83
62,male,32.015,true,northeast,45710.21,38232.32,-7477.89
51,female,37.05,true,northeast,46255.11,38781.45,-7473.66
60,male,31.35,true,northwest,46130.53,38681.67,-7448.86
23,male,50.38,false,southeast,2438.06,9872.7,7434.64
55,female,35.2,true,southeast,44423.8,37021.0,-7402.8
19,female,33.11,true,southeast,34439.86,27053.75,-7386.1
44,female,38.95,true,northwest,42983.46,35619.76,-7363.7
47,male,38.94,true,southeast,44202.65,36839.04,-7363.61
18,male,33.535,true,northeast,34617.84,27303.99,-7313.85
22,male,35.6,true,southwest,35585.58,28293.99,-7291.59
18,male,31.68,true,southeast,34303.17,27093.8,-7209.36
42,male,26.07,true,southeast,38245.59,31065.88,-7179.71
46,female,48.07,false,northeast,9432.93,16606.9,7173.97
30,male,37.8,true,southwest,39241.44,32078.15,-7163.29
56,male,33.63,true,northwest,43921.18,36794.61,-7126.57
47,male,47.52,false,southeast,8083.92,15208.62,7124.7
59,male,37.4,false,southwest,21797.0,14677.74,-7119.26
43,female,35.72,false,northeast,19144.58,12029.33,-7115.25
27,female,36.08,true,southeast,37133.9,30039.75,-7094.15
38,male,38.39,true,southeast,41949.24,34856.33,-7092.91
37,female,38.39,true,southeast,40419.02,33340.65,-7078.37
19,male,31.92,true,northwest,33750.29,26685.3,-7064.99
54,male,34.21,true,southeast,44260.75,37196.46,-7064.29
47,female,36.63,true,southeast,42969.85,35906.61,-7063.24
34,male,32.8,false,southwest,14358.36,7304.65,-7053.71
41,female,21.755,false,northeast,13725.47,6696.19,-7029.28
43,male,38.06,true,southeast,42560.43,35532.23,-7028.21
51,female,34.96,true,northeast,44641.2,37620.72,-7020.48
55,male,37.3,false,southwest,20630.28,13610.95,-7019.33
23,female,32.78,true,southeast,36021.01,29023.33,-6997.68
57,female,31.16,true,northwest,43578.94,36589.51,-6989.43
18,male,31.73,true,northeast,33732.69,26748.52,-6984.17
37,male,46.53,false,southeast,6435.62,13349.06,6913.44
19,female,30.02,true,northwest,33307.55,26396.61,-6910.94
45,male,36.48,true,northwest,42760.5,35857.77,-6902.73
22,female,31.02,true,southeast,35595.59,28740.27,-6855.31
32,male,46.53,false,southeast,4686.39,11536.49,6850.1
56,male,31.79,true,southeast,43813.87,36969.73,-6844.13
31,male,36.3,true,southwest,38711.0,31875.55,-6835.45
52,male,47.74,false,southeast,9748.91,16571.33,6822.42
47,male,36.08,true,southeast,42211.14,35441.35,-6769.79
47,male,36.19,true,southeast,41676.08,34957.64,-6718.44
43,male,35.97,true,southeast,42124.52,35406.62,-6717.9
37,male,37.07,true,southeast,39871.7,33155.99,-6715.72
25,male,33.33,true,southeast,36124.57,29414.59,-6709.99
53,male,34.105,true,northeast,43254.42,36544.47,-6709.95
50,male,34.2,true,southwest,42856.84,36150.34,-6706.5
19,male,30.25,true,southeast,32548.34,25877.61,-6670.73
39,male,45.43,false,southeast,6356.27,13010.99,6654.72
46,female,34.6,true,southwest,41661.6,35015.87,-6645.73
46,female,35.53,true,northeast,42111.66,35465.99,-6645.67
31,male,34.39,true,northwest,38746.36,32106.13,-6640.22
35,female,34.105,true,northwest,39983.43,33350.44,-6632.98
58,male,49.06,false,southeast,11381.33,18014.0,6632.67
22,female,30.4,true,northwest,33907.55,27290.56,-6616.99
23,female,31.4,true,southwest,34166.27,27556.49,-6609.78
30,male,35.53,true,southeast,36950.26,30351.49,-6598.76
23,male,31.73,true,northeast,36189.1,29596.22,-6592.88
35,male,36.67,true,northeast,39774.28,33189.34,-6584.93
37,female,34.8,true,southwest,39836.52,33263.96,-6572.56
33,male,35.75,true,southeast,38282.75,31713.77,-6568.98
30,male,35.3,true,southwest,36837.47,30273.68,-6563.79
24,male,32.7,true,southwest,34472.84,27919.55,-6553.29
26,male,32.9,true,southwest,36085.22,29534.23,-6550.99
26,male,46.53,false,southeast,2927.06,9464.91,6537.85
20,male,30.685,true,northeast,33475.82,26944.94,-6530.88
43,male,27.8,true,southwest,37829.72,31332.67,-6497.05
41,male,35.75,true,southeast,40273.65,33785.78,-6487.86
39,male,35.3,true,southwest,40103.89,33639.83,-6464.06
29,male,34.4,true,southwest,36197.7,29737.71,-6459.99
48,female,33.11,true,southeast,40974.16,34564.81,-6409.35
37,male,34.1,true,southwest,40182.25,33787.66,-6394.59
36,male,35.2,true,southeast,38709.18,32321.52,-6387.66
23,female,33.4,false,southwest,10795.94,4418.72,-6377.22
54,male,30.8,true,southeast,41999.52,35629.51,-6370.01
27,male,45.9,false,southwest,3693.43,10040.57,6347.14
43,male,34.96,true,northeast,41034.22,34735.13,-6299.09
55,male,30.685,true,northeast,42303.69,36010.01,-6293.68
50,female,46.09,false,southeast,9549.57,15841.57,6292.0
43,female,32.56,true,southeast,40941.29,34653.24,-6288.05
33,female,33.5,true,southwest,37079.37,30792.77,-6286.61
40,female,32.775,true,northwest,40003.33,33718.6,-6284.73
47,female,45.32,false,southeast,8569.86,14827.6,6257.74
27,female,31.4,true,southwest,34838.87,28592.5,-6246.37
40,female,29.3,false,southwest,15828.82,9630.28,-6198.55
25,female,30.2,true,southwest,33900.65,27705.21,-6195.44
50,male,32.3,true,northeast,41919.1,35729.56,-6189.54
36,male,34.43,true,southeast,37742.58,31567.0,-6175.58
24,male,31.065,true,northeast,34254.05,28097.89,-6156.17
36,male,33.4,true,southwest,38415.47,32278.12,-6137.36
32,male,33.63,true,northeast,37607.53,31476.81,-6130.71
37,male,34.2,true,northeast,39047.29,32947.23,-6100.05
32,female,44.22,false,southeast,3994.18,10086.5,6092.32
50,male,44.77,false,southeast,9058.73,15139.35,6080.62
27,male,31.13,true,southeast,34806.47,28738.0,-6068.46
50,female,44.745,false,northeast,9541.7,15584.55,6042.86
30,male,44.22,false,southeast,4266.17,10307.61,6041.44
52,female,46.75,false,southeast,12592.53,18632.93,6040.4
39,male,42.655,false,northeast,5757.41,11796.35,6038.93
54,female,46.7,false,southwest,11538.42,17575.82,6037.4
50,male,31.825,true,northeast,41097.16,35065.82,-6031.34
28,male,31.68,true,southeast,34672.15,28648.7,-6023.45
34,female,31.92,true,northeast,37701.88,31764.59,-5937.28
45,female,30.495,true,northwest,39725.52,33794.4,-5931.12
46,male,30.495,true,northwest,40720.55,34792.52,-5928.03
46,male,43.89,false,southeast,8944.12,14867.65,5923.54
49,male,30.9,true,southwest,39727.61,33840.67,-5886.94
34,male,42.9,false,southwest,4536.26,10412.81,5876.55
40,male,32.775,true,northeast,39125.33,33285.71,-5839.62
35,female,43.34,false,southeast,5846.92,11627.82,5780.9
32,female,17.765,true,northwest,32734.19,27027.43,-5706.76
34,male,27.0,false,southwest,11737.85,6037.33,-5700.52
44,male,31.35,true,northeast,39556.49,33883.2,-5673.3
40,male,41.69,false,southeast,5438.75,11083.93,5645.18
44,male,30.2,true,southwest,38998.55,33365.37,-5633.17
41,male,30.78,true,northeast,39597.41,33965.9,-5631.5
37,female,30.78,true,northeast,37270.15,31673.21,-5596.94
34,male,42.13,false,southeast,5124.19,10700.45,5576.26
34,male,30.8,true,southwest,35491.64,29924.87,-5566.77
52,female,44.7,false,southwest,11411.68,16959.91,5548.22
40,male,41.23,false,northeast,6610.11,12134.39,5524.28
30,female,43.12,false,southeast,4753.64,10265.11,5511.47
39,female,41.8,false,southeast,5662.23,11154.78,5492.56
33,female,42.94,false,northwest,6360.99,11798.05,5437.06
33,male,42.4,false,southwest,6666.24,12070.19,5403.94
42,female,41.325,false,northeast,7650.77,12977.63,5326.86
53,female,38.06,false,southeast,20463.0,15182.56,-5280.44
49,female,42.68,false,southeast,9800.89,15050.74,5249.85
41,male,40.26,false,southeast,5709.16,10902.86,5193.7
32,female,41.1,false,southwest,3989.84,9119.32,5129.48
26,female,42.4,false,southwest,3410.32,8482.93,5072.6
57,male,43.7,false,southwest,11576.13,16616.05,5039.92
45,male,39.805,false,northeast,7448.4,12473.31,5024.9
43,male,25.52,false,southeast,14478.33,9472.62,-5005.71
38,female,40.15,false,southeast,5400.98,10388.01,4987.03
57,male,40.28,false,northeast,20709.02,15727.51,-4981.51
38,female,40.565,false,northwest,6373.56,11327.06,4953.5
23,male,41.91,false,southeast,1837.28,6748.59,4911.31
25,female,42.13,false,southeast,3238.44,8147.87,4909.44
53,male,41.47,false,southeast,9504.31,14383.25,4878.94
48,male,40.15,false,southeast,7804.16,12682.03,4877.87
46,male,40.375,false,northwest,8733.23,13562.16,4828.93
18,female,29.165,false,northeast,7323.73,2501.92,-4821.81
44,male,39.52,false,northwest,6948.7,11745.91,4797.21
46,male,39.425,false,northeast,8342.91,13132.93,4790.02
49,female,41.47,false,southeast,10977.21,15713.5,4736.3
31,male,39.49,false,southeast,3875.73,8593.45,4717.71
33,female,39.82,false,southeast,4795.66,9509.01,4713.36
51,female,40.66,false,northeast,9875.68,14586.44,4710.76
45,female,39.995,false,northeast,9704.67,14380.47,4675.8
18,male,43.01,false,southeast,1149.4,5792.1,4642.7
48,female,41.23,false,northwest,11033.66,15674.41,4640.75
35,male,38.6,false,southwest,4762.33,9348.53,4586.21
56,female,41.91,false,southeast,11093.62,15591.67,4498.05
61,male,43.4,false,southwest,12574.05,17042.17,4468.12
61,female,44.0,false,southwest,13063.88,17522.82,4458.94
33,male,35.245,false,northeast,12404.88,7962.0,-4442.88
51,male,39.7,false,southwest,9391.35,13831.08,4439.73
29,male,38.94,false,southeast,3471.41,7906.19,4434.78
26,female,40.185,false,northwest,3201.25,7584.53,4383.28
44,male,38.06,false,southeast,7152.67,11520.41,4367.74
45,female,38.285,false,northeast,7935.29,12301.55,4366.26
57,male,40.945,false,northeast,11566.3,15932.15,4365.85
31,male,38.39,false,southeast,4463.21,8772.5,4309.29
33,female,38.9,false,southwest,5972.38,10253.99,4281.61
42,female,37.9,false,southwest,6474.01,10724.58,4250.56
38,male,37.05,false,northeast,6079.67,10330.04,4250.36
38,female,37.73,false,southeast,5397.62,9643.29,4245.67
46,male,38.17,false,southeast,8347.16,12589.83,4242.66
20,male,40.47,false,northeast,1984.45,6202.9,4218.45
32,male,37.335,false,northeast,4667.61,8863.73,4196.12
56,male,40.3,false,southwest,10602.39,14793.17,4190.79
51,female,39.5,false,southwest,9880.07,14065.54,4185.47
28,male,38.06,false,southeast,2689.5,6858.81,4169.32
54,male,39.6,false,southwest,10450.55,14577.31,4126.76
57,male,40.37,false,southeast,10982.5,15080.75,4098.25
42,male,37.18,false,southeast,7162.01,11249.16,4087.15
24,female,39.49,false,southeast,2480.98,6558.88,4077.9
18,male,41.14,false,southeast,1146.8,5216.63,4069.83
29,female,38.83,false,southeast,5138.26,9203.47,4065.21
55,female,40.81,false,southeast,12485.8,16546.85,4061.05
22,male,39.5,false,southwest,1682.6,5740.91,4058.31
22,female,39.805,false,northeast,2755.02,6812.27,4057.24
45,male,22.895,true,northeast,35069.37,31022.71,-4046.67
53,female,39.6,false,southeast,10579.71,14621.35,4041.64
34,female,38.0,false,southwest,6196.45,10236.02,4039.58
44,male,37.1,false,southwest,7740.34,11735.51,3995.17
32,male,37.18,false,southeast,4673.39,8659.14,3985.75
30,male,37.43,false,northeast,5428.73,9410.09,3981.36
41,male,37.05,false,northwest,7265.7,11243.92,3978.22
56,male,39.6,false,southwest,10601.41,14577.75,3976.34
52,male,38.6,false,southwest,10325.21,14269.13,3943.93
41,female,37.1,false,southwest,7371.77,11254.51,3882.74
49,male,37.51,false,southeast,9304.7,13163.73,3859.03
48,male,37.29,false,southeast,8978.19,12837.02,3858.84
29,male,37.29,false,southeast,4058.12,7915.98,3857.87
56,female,39.82,false,southeast,11090.72,14948.5,3857.78
34,female,37.335,false,northwest,5989.52,9814.62,3825.09
19,female,40.5,false,southwest,1759.34,5567.65,3808.31
32,female,37.145,false,northeast,6334.34,10136.39,3802.05
49,male,36.85,false,southeast,8125.78,11925.49,3799.71
28,male,37.1,false,southwest,3277.16,7073.91,3796.75
52,female,38.38,false,northeast,11396.9,15178.93,3782.03
28,female,37.62,false,southeast,3766.88,7536.98,3770.09
40,female,36.19,false,southeast,5920.1,9687.38,3767.27
23,female,39.27,false,southeast,3500.61,7267.3,3766.69
21,female,39.49,false,southeast,2026.97,5781.87,3754.9
44,female,36.955,false,northwest,8023.14,11770.13,3747.0
50,male,37.07,false,southeast,9048.03,12769.76,3721.73
42,male,35.97,false,southeast,7160.33,10876.8,3716.47
18,female,40.28,false,northeast,2217.6,5922.43,3704.83
34,male,35.815,false,northwest,4320.41,8015.72,3695.31
55,male,38.28,false,southeast,10226.28,13919.57,3693.29
51,male,37.0,false,southwest,8798.59,12482.62,3684.03
18,female,40.185,false,northeast,2217.47,5893.2,3675.73
20,female,21.8,true,southwest,20167.34,23825.2,3657.87
42,male,35.8,false,southwest,7160.09,10817.45,3657.35
51,female,37.73,false,southeast,9877.61,13527.88,3650.27
47,male,36.2,false,southwest,8068.19,11717.99,3649.8
41,female,36.08,false,southeast,6781.35,10430.09,3648.74
18,female,40.26,false,southeast,1634.57,5241.82,3607.25
33,male,35.75,false,southeast,4890.0,8478.07,3588.07
33,female,36.29,false,northeast,6551.75,10132.28,3580.53
31,female,36.63,false,southeast,4949.76,8526.89,3577.13
42,female,36.195,false,northwest,7443.64,11018.25,3574.61
63,male,41.47,false,southeast,13405.39,16973.27,3567.88
18,male,15.96,false,northeast,1694.8,-1857.77,-3552.56
34,male,34.675,false,northeast,4518.83,8045.59,3526.76
52,female,37.4,false,southwest,9634.54,13160.73,3526.19
45,female,36.3,false,southeast,8527.53,12051.36,3523.83
50,male,36.2,false,southwest,8457.82,11977.43,3519.61
52,male,36.7,false,southwest,9144.57,12649.31,3504.74
48,female,36.575,false,northwest,8671.19,12171.64,3500.45
49,male,35.86,false,southeast,8124.41,11620.83,3496.42
35,female,35.86,false,southeast,5836.52,9325.94,3489.42
18,female,39.82,false,southeast,1633.96,5106.42,3472.46
43,female,35.64,false,southeast,7345.73,10812.69,3466.96
40,male,35.3,false,southwest,7196.87,10663.14,3466.27
35,female,35.815,false,northwest,5630.46,9088.29,3457.84
28,male,35.435,false,northeast,3268.85,6725.45,3456.61
45,female,35.815,false,northwest,7731.86,11160.75,3428.89
47,female,36.0,false,southwest,8556.91,11952.45,3395.54
19,female,39.615,false,northwest,2730.11,6113.66,3383.56
58,female,39.05,false,southeast,11856.41,15229.54,3373.13
32,male,35.2,false,southwest,4670.64,8042.78,3372.14
38,male,34.7,false,southwest,6082.4,9442.93,3360.52
45,female,35.3,false,southwest,7348.14,10701.46,3353.32
40,male,34.105,false,northeast,6600.21,9941.75,3341.55
49,female,36.63,false,southeast,10381.48,13706.49,3325.01
51,male,35.97,false,southeast,9386.16,12690.25,3304.09
48,male,35.625,false,northeast,10736.87,14034.22,3297.35
34,male,34.21,false,southeast,3935.18,7228.03,3292.85
53,female,37.43,false,northwest,10959.69,14247.33,3287.63
42,male,34.1,false,southwest,5979.73,9259.17,3279.43
18,female,39.16,false,southeast,1633.04,4903.31,3270.27
41,male,34.21,false,southeast,6289.75,9558.61,3268.86
29,female,35.53,false,southeast,3366.67,6635.25,3268.58
36,male,34.43,false,southeast,5584.31,8848.87,3264.56
35,male,34.77,false,northwest,5729.01,8988.26,3259.26
62,male,39.93,false,southeast,12982.87,16240.35,3257.48
58,male,38.0,false,southwest,11365.95,14603.38,3237.43
35,female,34.8,false,southwest,5246.05,8475.14,3229.09
44,male,34.32,false,southeast,7147.47,10369.47,3222.0
63,male,41.325,false,northwest,15555.19,18775.11,3219.92
23,male,37.1,false,southwest,3597.6,6814.03,3216.43
26,male,35.42,false,southeast,2322.62,5528.38,3205.76
38,female,34.8,false,southwest,6571.54,9769.71,3198.16
21,female,16.815,false,northeast,3167.46,-4.07,-3171.53
53,male,36.6,false,southwest,11264.54,14430.22,3165.68
51,female,36.67,false,northwest,10848.13,14013.01,3164.87
24,male,35.86,false,southeast,1986.93,5145.78,3158.85
60,female,18.335,false,northeast,13204.29,10047.21,-3157.08
53,male,36.1,false,southwest,10085.85,13241.23,3155.38
19,female,17.8,false,southwest,1727.79,-1418.01,-3145.79
35,male,34.32,false,southeast,5934.38,9073.58,3139.2
21,male,36.85,false,southeast,1534.3,4673.44,3139.13
41,male,33.55,false,southeast,5699.84,8837.94,3138.1
19,male,17.48,false,northwest,1621.34,-1511.69,-3133.03
55,female,37.1,false,southwest,10713.64,13845.41,3131.77
41,male,34.2,false,northwest,7261.74,10366.86,3105.12
64,male,40.48,false,southeast,13831.12,16927.62,3096.5
25,male,35.625,false,northwest,2534.39,5626.23,3091.84
21,female,17.4,false,southwest,2585.27,-505.54,-3090.81
18,female,38.665,false,northeast,3393.36,6460.56,3067.21
36,male,33.82,false,northwest,5377.46,8437.35,3059.89
35,female,34.21,false,southeast,5245.23,8300.61,3055.38
43,female,34.58,false,northwest,7727.25,10780.25,3053.0
21,male,36.86,false,northwest,1917.32,4970.28,3052.96
57,female,38.0,false,southwest,12646.21,15675.51,3029.3
56,female,37.51,false,southeast,12265.51,15272.75,3007.24
51,female,36.385,false,northwest,11436.74,14442.86,3006.13
18,female,38.28,false,southeast,1631.82,4632.5,3000.68
45,male,33.7,false,southwest,7445.92,10430.64,2984.72
37,female,34.105,false,northwest,6112.35,9080.07,2967.71
18,female,38.17,false,southeast,1631.67,4598.65,2966.98
46,male,33.44,false,northeast,8334.59,11291.12,2956.53
32,male,33.82,false,northwest,4462.72,7401.34,2938.62
43,female,34.4,false,southwest,8522.0,11459.18,2937.18
46,male,33.345,false,northeast,8334.46,11261.88,2927.43
62,male,38.83,false,southeast,12981.35,15901.84,2920.5
39,female,34.1,false,southwest,7418.52,10330.85,2912.33
19,female,18.6,false,southwest,1728.9,-1171.82,-2900.71
18,male,37.29,false,southeast,1141.45,4031.83,2890.39
28,female,34.77,false,northwest,3556.92,6436.13,2879.21
34,female,33.7,false,southwest,5012.47,7877.62,2865.15
48,male,34.3,false,southwest,9563.03,12427.41,2864.39
46,female,33.725,false,northeast,8823.99,11674.83,2850.85
61,male,38.38,false,northwest,12950.07,15798.13,2848.06
39,female,34.32,false,southeast,8596.83,11440.72,2843.89
63,male,39.8,false,southwest,15170.07,18005.01,2834.94
62,female,39.2,false,southwest,13470.86,16304.68,2833.82
53,female,35.9,false,southwest,11163.57,13993.25,2829.68
62,female,39.16,false,southeast,13470.8,16299.4,2828.6
34,female,33.25,false,northeast,5594.85,8420.63,2825.78
27,female,34.8,false,southwest,3578.0,6403.12,2825.12
42,female,33.155,false,northeast,7639.42,10463.41,2823.99
61,female,39.1,false,southwest,14235.07,17050.03,2814.96
49,female,34.77,false,northwest,9583.89,12392.74,2808.84
42,female,32.87,false,northeast,7050.02,9858.14,2808.12
60,female,38.06,false,southeast,12648.7,15442.89,2794.18
22,female,36.0,false,southwest,2166.73,4959.83,2793.1
19,female,37.43,false,northwest,2138.07,4923.69,2785.62
55,male,35.245,false,northeast,11394.07,14177.6,2783.54
23,male,35.2,false,southwest,2416.95,5194.2,2777.24
23,male,17.385,false,northwest,2775.19,12.65,-2762.55
59,male,37.1,false,southwest,12347.17,15102.98,2755.81
27,male,33.66,false,southeast,2498.41,5245.76,2747.35
60,male,36.955,false,northeast,12741.17,15481.28,2740.12
21,male,35.53,false,southeast,1532.47,4267.22,2734.75
39,female,32.8,false,southwest,5649.72,8378.11,2728.39
52,male,34.1,false,southeast,9140.95,11856.22,2715.27
41,female,33.155,false,northeast,8538.29,11239.54,2701.25
56,male,36.1,false,southwest,12363.55,15053.36,2689.81
45,female,33.1,false,southwest,7345.08,10024.44,2679.36
41,female,32.965,false,northwest,6571.02,9247.69,2676.67
46,female,33.44,false,southeast,8240.59,10912.67,2672.08
33,male,33.44,false,southeast,6653.79,9319.89,2666.1
63,male,21.66,false,northwest,14349.85,11688.31,-2661.54
64,female,39.7,false,southwest,14319.03,16976.55,2657.52
58,male,36.08,false,southeast,11363.28,14019.55,2656.27
23,female,34.865,false,northeast,2899.49,5551.04,2651.55
43,male,32.6,false,southwest,7441.5,10091.69,2650.18
39,male,32.34,false,southeast,6338.08,8982.7,2644.62
51,female,33.915,false,northeast,9866.3,12510.75,2644.44
64,female,39.33,false,northeast,14901.52,17544.18,2642.66
61,female,21.09,false,northwest,13415.04,10773.34,-2641.7
18,female,37.29,false,southeast,2219.45,4845.4,2625.96
64,male,39.16,false,southeast,14418.28,17038.96,2620.68
51,female,34.1,false,southeast,9283.56,11893.23,2609.66
23,male,34.4,false,southwest,1826.84,4430.45,2603.6
63,female,21.66,false,northeast,14449.85,11847.44,-2602.41
48,female,33.33,false,southeast,8283.68,10879.26,2595.58
26,male,33.915,false,northwest,3292.53,5876.56,2584.03
30,female,33.33,false,southeast,4151.03,6734.79,2583.76
40,female,33.0,false,southeast,7682.67,10258.38,2575.71
41,male,32.2,false,southwest,6875.96,9450.59,2574.63
39,female,32.5,false,southwest,6238.3,8803.35,2565.05
41,female,33.06,false,northwest,7749.16,10312.05,2562.89
18,female,36.85,false,southeast,1629.83,4192.44,2562.6
51,female,34.2,false,southwest,9872.7,12434.53,2561.83
57,male,18.335,false,northeast,11534.87,8974.19,-2560.68
25,female,34.485,false,northwest,3021.81,5571.42,2549.61
54,female,35.815,false,northwest,12495.29,15044.46,2549.17
56,female,35.8,false,southwest,11674.13,14221.92,2547.79
52,male,33.25,false,northeast,9722.77,12269.1,2546.33
28,female,33.4,false,southwest,3172.02,5713.73,2541.71
40,male,32.3,false,northwest,6986.7,9523.16,2536.46
58,male,35.7,false,southwest,11362.75,13895.58,2532.82
47,female,33.915,false,northwest,10115.01,12646.74,2531.73
19,female,36.575,false,northwest,2136.88,4660.58,2523.7
33,female,32.9,false,southwest,5375.04,7889.99,2514.96
21,female,35.72,false,northwest,2404.73,4915.47,2510.73
20,female,37.0,false,southwest,4830.63,7337.38,2506.75
36,male,31.5,false,southwest,4402.23,6905.03,2502.8
58,female,36.48,false,northwest,12235.84,14732.42,2496.59
26,female,34.2,false,southwest,3987.93,6477.04,2489.11
64,male,38.19,false,northeast,14410.93,16897.35,2486.42
49,female,33.345,false,northeast,10370.91,12852.46,2481.55
62,male,37.4,false,southwest,12979.36,15454.74,2475.38
28,female,33.11,false,southeast,3171.61,5631.52,2459.9
47,male,32.3,false,southwest,8062.76,10517.81,2455.05
41,female,32.2,false,southwest,6775.96,9229.03,2453.07
62,female,38.095,false,northeast,15230.32,17681.24,2450.92
27,male,32.67,false,southeast,2497.04,4941.1,2444.06
19,male,35.4,false,southwest,1263.25,3702.18,2438.93
41,female,32.6,false,southwest,7954.52,10387.25,2432.73
62,male,21.4,false,southwest,12957.12,10530.93,-2426.19
44,female,32.34,false,southeast,7633.72,10056.15,2422.43
25,female,33.99,false,southeast,3227.12,5642.88,2415.76
28,male,33.0,false,southeast,4449.46,6854.35,2404.88
22,male,34.8,false,southwest,3443.06,5847.23,2404.16
56,male,34.43,false,southeast,10594.23,12993.78,2399.56
32,female,33.155,false,northwest,6128.8,8527.83,2399.03
19,male,35.53,false,northwest,1646.43,4042.98,2396.55
52,female,18.335,false,northwest,9991.04,7594.5,-2396.53
51,female,18.05,false,northwest,9644.25,7247.8,-2396.46
24,female,33.99,false,southeast,2473.33,4866.32,2392.98
57,female,20.1,false,southwest,12032.33,9649.43,-2382.89
41,female,31.635,false,northeast,7358.18,9736.65,2378.47
58,male,34.865,false,northeast,11944.59,14320.11,2375.51
27,male,33.155,false,northwest,4058.71,6419.25,2360.54
18,female,20.79,false,southeast,1607.51,-749.84,-2357.35
44,male,32.015,false,northwest,8116.27,10471.46,2355.19
51,male,33.33,false,southeast,10560.49,12912.95,2352.46
31,female,32.68,false,northwest,4738.27,7087.53,2349.26
46,female,32.3,false,northeast,9411.0,11753.87,2342.86
41,female,31.6,false,southwest,6186.13,8526.82,2340.7
19,male,19.8,false,southwest,1241.57,-1098.54,-2340.1
21,female,34.87,false,southeast,2020.55,4360.12,2339.57
26,male,32.49,false,northeast,3490.55,5818.72,2328.18
42,male,31.255,false,northwest,6358.78,8684.45,2325.68
26,male,17.67,false,northwest,2680.95,359.8,-2321.15
19,male,20.615,false,northwest,2803.7,488.2,-2315.5
22,female,34.58,false,northeast,3925.76,6239.46,2313.7
48,male,32.3,false,northwest,8765.25,11077.61,2312.36
32,male,31.5,false,southwest,4076.5,6386.59,2310.09
22,male,33.77,false,southeast,1674.63,3984.6,2309.97
31,female,32.775,false,northwest,5327.4,7634.32,2306.92
37,male,30.8,false,southwest,4646.76,6948.62,2301.86
38,male,31.0,false,southwest,5488.26,7786.73,2298.47
27,male,32.585,false,northeast,4846.92,7142.09,2295.17
28,female,17.29,false,northeast,3732.63,1437.55,-2295.07
25,male,33.66,false,southeast,4504.66,6798.01,2293.35
30,female,32.4,false,southwest,4149.74,6441.56,2291.82
19,female,20.6,false,southwest,1731.68,-556.34,-2288.02
23,female,34.96,false,northwest,4466.62,6752.28,2285.66
28,female,33.0,false,southeast,4349.46,6632.79,2283.33
18,female,35.625,false,northeast,2211.13,4489.91,2278.78
50,female,33.7,false,southwest,11299.34,13574.35,2275.0
51,male,32.3,false,northeast,9964.06,12235.31,2271.25
53,female,33.25,false,northeast,10564.88,12824.11,2259.22
60,female,36.005,false,northeast,13228.85,15484.94,2256.09
64,female,39.05,false,southeast,16085.13,18336.25,2251.12
21,female,34.6,false,southwest,2020.18,4270.0,2249.82
31,male,30.875,false,northeast,3857.76,6099.18,2241.42
39,female,31.92,false,northwest,7209.49,9443.22,2233.73
48,male,31.445,false,northeast,8964.06,11195.18,2231.12
19,male,20.425,false,northwest,1625.43,-605.4,-2230.83
48,female,32.3,false,northeast,10043.25,12271.87,2228.62
32,female,31.54,false,northeast,5148.55,7376.39,2227.84
64,male,37.905,false,northwest,14210.54,16428.96,2218.42
63,male,36.765,false,northeast,13981.85,16199.82,2217.97
54,male,33.63,false,northwest,10825.25,13040.92,2215.66
50,male,32.205,false,northwest,8835.26,11048.82,2213.56
54,male,32.775,false,northeast,10435.07,12640.93,2205.86
48,female,32.23,false,southeast,8871.15,11058.31,2187.16
19,male,20.3,false,southwest,1242.26,-944.67,-2186.93
50,male,32.3,false,southwest,9630.4,11812.38,2181.98
29,male,32.11,false,northwest,4433.92,6615.67,2181.75
18,male,35.2,false,southeast,1727.54,3906.22,2178.68
30,male,31.4,false,southwest,3659.35,5837.81,2178.46
47,female,32.0,false,southwest,8551.35,10721.5,2170.15
41,female,31.02,false,southeast,6185.32,8355.37,2170.05
61,female,22.04,false,northeast,13616.36,11446.38,-2169.98
63,female,23.085,false,northeast,14451.84,12285.97,-2165.87
36,male,30.875,false,northwest,5373.36,7531.06,2157.7
49,male,31.35,false,northeast,9290.14,11424.95,2134.81
19,male,34.4,false,southwest,1261.86,3394.44,2132.58
55,male,33.88,false,southeast,11987.17,14118.21,2131.04
52,female,33.3,false,southwest,10806.84,12934.13,2127.29
22,female,20.235,false,northwest,2527.82,409.14,-2118.68
31,female,31.065,false,northeast,4347.02,6453.65,2106.63
24,female,33.345,false,northwest,2855.44,4961.59,2106.16
35,male,30.5,false,southwest,4751.07,6855.86,2104.79
49,male,32.3,false,northwest,10269.46,12371.74,2102.28
30,male,31.57,false,southeast,4837.58,6932.29,2094.7
56,male,33.725,false,northwest,10976.25,13070.59,2094.35
19,female,35.15,false,northwest,2134.9,4222.05,2087.15
61,female,35.91,false,northeast,13635.64,15714.71,2079.07
19,male,20.9,false,southwest,1832.09,-242.46,-2074.56
37,female,17.29,false,northeast,6877.98,4803.7,-2074.28
21,male,20.235,false,northeast,3861.21,1787.51,-2073.7
29,male,31.73,false,northwest,4433.39,6498.73,2065.34
35,female,31.0,false,southwest,5240.77,7305.73,2064.97
19,male,20.7,false,southwest,1242.82,-821.57,-2064.39
57,male,34.01,false,northwest,11356.66,13417.3,2060.64
59,female,35.2,false,southeast,12244.53,14303.75,2059.22
58,male,34.39,false,northwest,11743.93,13793.24,2049.31
23,male,32.56,false,southeast,1824.29,3871.24,2046.96
22,male,19.95,false,northeast,4005.42,1958.81,-2046.62
33,male,30.25,false,southeast,3704.35,5750.39,2046.03
19,male,34.1,false,southwest,1261.44,3302.12,2040.67
44,male,30.69,false,southeast,7731.43,9769.94,2038.52
37,male,30.875,false,northwest,6796.86,8825.19,2028.33
29,female,31.16,false,northeast,3943.6,5964.88,2021.29
38,male,16.815,false,northeast,6640.54,4620.52,-2020.03
38,female,30.69,false,southeast,5976.83,7994.37,2017.54
18,male,34.43,false,southeast,1137.47,3151.7,2014.23
22,female,21.28,false,northwest,4296.27,2283.42,-2012.85
52,male,32.205,false,northeast,11488.32,13500.2,2011.88
52,male,32.775,false,northwest,11289.11,13294.92,2005.81
41,male,30.59,false,northwest,7256.72,9255.93,1999.21
57,female,34.295,false,northeast,13224.06,15216.83,1992.77
29,female,32.11,false,northwest,4922.92,6911.67,1988.76
54,female,32.68,false,northeast,10923.93,12907.7,1983.77
24,male,32.01,false,southeast,1981.58,3960.99,1979.41
37,female,30.8,false,southeast,6313.76,8286.79,1973.03
37,male,29.83,false,northeast,6406.41,8366.73,1960.32
63,female,36.85,false,southeast,13887.97,15847.53,1959.56
36,male,29.7,false,southeast,4399.73,6358.14,1958.41
51,male,31.635,false,northwest,9174.14,11132.41,1958.28
40,male,30.875,false,northwest,8162.72,10119.76,1957.04
43,male,30.1,false,southwest,6849.03,8804.78,1955.75
32,male,30.8,false,southwest,5253.52,7206.3,1952.77
20,male,33.33,false,southeast,1391.53,3331.19,1939.67
48,female,31.13,false,southeast,8280.62,10202.24,1921.61
55,male,32.775,false,northwest,10601.63,12519.24,1917.61
18,male,34.1,false,southeast,1137.01,3050.15,1913.14
45,male,30.2,false,southwest,7441.05,9353.56,1912.5
31,male,31.065,false,northwest,5425.02,7329.65,1904.62
55,male,32.67,false,southeast,10807.49,12710.72,1903.24
27,male,18.905,false,northeast,4827.9,2932.23,-1895.68
48,male,30.78,false,northeast,10141.14,12025.66,1884.53
40,male,29.9,false,southwest,6600.36,8483.79,1883.43
60,female,35.1,false,southwest,12644.59,14524.95,1880.36
28,male,30.875,false,northwest,3062.51,4941.48,1878.97
56,male,33.66,false,southeast,12949.16,14827.08,1877.92
57,male,33.63,false,northwest,11945.13,13817.92,1872.79
23,male,32.7,false,southwest,3591.48,5459.98,1868.5
32,male,30.03,false,southeast,4074.45,5941.25,1866.79
18,male,21.47,false,northeast,1702.46,-162.13,-1864.58
37,male,29.64,false,northwest,5028.15,6892.44,1864.3
45,female,30.9,false,southwest,8520.03,10382.54,1862.52
26,female,19.8,false,southwest,3378.91,1528.05,-1850.86
35,male,17.86,false,northwest,5116.5,3266.85,-1849.65
45,male,30.495,false,northwest,8413.46,10262.7,1849.24
54,female,21.47,false,northwest,12475.35,10629.96,-1845.4
36,female,29.92,false,southeast,4889.04,6721.85,1832.81
33,female,18.5,false,southwest,4766.02,2941.0,-1825.02
19,male,21.755,false,northwest,1627.28,-196.11,-1823.39
55,female,33.535,false,northwest,12269.69,14084.26,1814.57
54,female,32.3,false,northeast,11512.41,13308.32,1795.92
63,female,36.3,false,southeast,13887.2,15678.27,1791.07
43,female,30.685,false,northwest,8310.84,10099.18,1788.34
56,female,33.82,false,northwest,12643.38,14430.96,1787.59
49,male,30.3,false,southwest,8116.68,9902.77,1786.09
19,female,22.515,false,northwest,2117.34,333.78,-1783.56
26,male,31.065,false,northwest,2699.57,4481.95,1782.38
21,female,21.89,false,southeast,3180.51,1400.81,-1779.7
18,male,33.66,false,southeast,1136.4,2914.74,1778.34
22,male,31.73,false,northeast,2254.8,4031.27,1776.48
50,female,31.6,false,southwest,10118.42,11892.97,1774.55
36,female,30.02,false,northwest,5272.18,7046.39,1774.21
27,male,30.5,false,southwest,2494.02,4266.28,1772.25
49,female,30.78,false,northeast,9778.35,11545.55,1767.2
36,female,29.92,false,southeast,5478.04,7239.41,1761.37
20,male,33.0,false,southwest,1980.07,3740.17,1760.1
54,male,31.6,false,southwest,9850.43,11597.84,1747.41
30,female,19.95,false,northwest,5693.43,3946.14,-1747.29
40,female,29.6,false,southwest,5910.94,7652.35,1741.4
40,female,29.81,false,southeast,6500.24,8241.57,1741.33
18,male,33.77,false,southeast,1725.55,3466.16,1740.61
63,female,25.08,false,northwest,14254.61,12519.22,-1735.39
43,male,30.115,false,northwest,8410.05,10145.32,1735.27
20,female,33.3,false,southwest,1880.49,3610.94,1730.45
25,male,30.59,false,northeast,2727.4,4457.46,1730.06
21,female,33.63,false,northwest,3579.83,5307.42,1727.59
49,female,31.9,false,southwest,11552.9,13278.98,1726.07
31,female,30.495,false,northeast,6113.23,7830.93,1717.7
55,female,32.395,false,northeast,11879.1,13596.56,1717.45
46,female,30.8,false,southwest,9414.92,11128.33,1713.41
22,male,32.11,false,northwest,2055.32,3767.53,1712.2
56,male,32.11,false,northeast,11763.0,13471.85,1708.85
40,male,29.355,false,northwest,6393.6,8099.31,1705.7
43,female,29.9,false,southwest,7337.75,9039.24,1701.49
30,female,30.9,false,southwest,5325.65,7015.07,1689.42
34,female,19.0,false,northeast,6753.04,5070.49,-1682.55
48,male,30.2,false,southwest,8968.33,10648.12,1679.79
18,male,33.33,false,southeast,1135.94,2813.19,1677.25
48,male,29.7,false,southeast,7789.64,9466.16,1676.53
41,male,29.64,false,northeast,9222.4,10896.95,1674.55
49,male,29.83,false,northeast,9288.03,10957.19,1669.16
61,male,33.915,false,northeast,13143.86,14804.76,1660.9
27,female,31.255,false,northwest,3956.07,5612.99,1656.92
39,male,29.6,false,southwest,7512.27,9167.59,1655.32
29,female,20.235,false,northwest,4906.41,3257.28,-1649.13
20,female,33.0,false,southeast,1880.07,3525.65,1645.58
38,female,30.21,false,northwest,7537.16,9175.55,1638.39
54,male,21.01,false,southeast,11013.71,9381.06,-1632.65
25,female,20.8,false,southwest,3208.79,1576.78,-1632.0
52,female,31.2,false,southwest,9625.92,11252.75,1626.83
46,female,19.95,false,northwest,9193.84,7572.61,-1621.22
50,male,30.97,false,northwest,10600.55,12221.45,1620.9
58,female,22.77,false,southeast,11833.78,10219.57,-1614.22
64,male,25.6,false,southwest,14988.43,13376.56,-1611.87
38,male,29.26,false,northwest,6457.84,8069.63,1611.79
20,male,22.0,false,southwest,1964.78,355.05,-1609.73
53,male,30.495,false,northeast,10072.06,11680.28,1608.23
41,male,28.8,false,southwest,6282.23,7886.71,1604.48
46,female,30.2,false,southwest,8825.09,10426.13,1601.04
58,female,32.965,false,northeast,12430.95,14031.41,1600.46
60,female,24.035,false,northwest,13012.21,11420.63,-1591.58
36,male,28.88,false,northeast,6748.59,8332.94,1584.35
54,female,31.9,false,southeast,10928.85,12510.77,1581.92
55,female,32.775,false,northwest,12268.63,13850.37,1581.74
26,male,30.875,false,northwest,3877.3,5458.6,1581.3
38,female,19.475,false,northwest,6933.24,5354.42,-1578.82
44,female,29.81,false,southeast,8219.2,9795.14,1575.94
19,female,23.4,false,southwest,2913.57,1340.45,-1573.12
37,female,29.5,false,southwest,6311.95,7879.69,1567.74
32,female,29.735,false,northwest,4357.04,5922.68,1565.63
58,female,33.44,false,northwest,12231.61,13796.9,1565.29
52,female,31.73,false,northwest,11187.66,12751.78,1564.13
19,male,22.61,false,northwest,1628.47,67.01,-1561.46
57,female,22.23,false,northeast,12029.29,10468.84,-1560.45
53,male,31.16,false,northwest,10461.98,12021.8,1559.82
61,male,33.535,false,northeast,13143.34,14687.82,1544.49
58,female,33.1,false,southwest,11848.14,13391.47,1543.33
32,female,29.59,false,southeast,4562.84,6101.85,1539.01
42,female,29.48,false,southeast,7640.31,9175.58,1535.27
51,female,20.6,false,southwest,9264.8,7731.73,-1533.07
47,male,19.57,false,northwest,8428.07,6901.1,-1526.96
55,male,21.5,false,southwest,10791.96,9266.25,-1525.71
52,female,30.78,false,northeast,10797.34,12322.55,1525.22
32,female,29.8,false,southwest,5152.13,6677.0,1524.87
18,female,33.155,false,northeast,2207.7,3729.8,1522.1
64,female,35.97,false,southeast,14313.85,15835.72,1521.88
62,female,25.0,false,southwest,13451.12,11934.8,-1516.32
32,male,28.88,false,northwest,3866.86,5363.55,1496.7
27,male,30.3,false,southwest,4260.74,5757.42,1496.67
33,male,29.4,false,southwest,6059.17,7552.03,1492.86
20,male,32.395,false,northwest,2362.23,3854.79,1492.56
20,female,24.42,true,southeast,26125.67,24638.51,-1487.16
38,male,28.025,false,northeast,6067.13,7552.7,1485.57
51,male,30.03,false,southeast,9377.9,10862.29,1484.38
61,male,23.655,false,northeast,13129.6,11647.37,-1482.23
19,female,32.9,false,southwest,1748.77,3228.84,1480.06
38,female,28.93,false,southeast,5974.38,7452.76,1478.37
29,male,28.975,false,northeast,4040.56,5514.03,1473.47
47,male,29.83,false,northwest,9620.33,11093.62,1473.29
35,male,28.9,false,southwest,5926.85,7398.6,1471.75
21,female,22.135,false,northeast,2585.85,1115.53,-1470.32
38,male,28.27,false,southeast,5484.47,6953.64,1469.17
26,male,29.45,false,northeast,2897.32,4365.64,1468.31
26,male,30.0,false,southwest,2904.09,4370.97,1466.88
47,male,19.19,false,northeast,8627.54,7164.85,-1462.69
18,male,23.32,false,southeast,1711.03,250.29,-1460.73
42,female,29.0,false,southwest,7050.64,8503.27,1452.63
54,female,31.24,false,southeast,10338.93,11790.1,1451.17
57,female,23.18,false,northwest,11830.61,10380.51,-1450.1
52,male,30.2,false,southwest,9724.53,11166.57,1442.04
56,female,32.3,false,northeast,13430.26,14861.45,1431.19
18,male,23.21,false,southeast,1121.87,-301.12,-1422.99
28,male,29.26,false,northeast,4438.26,5860.3,1422.03
18,female,24.09,false,southeast,2201.1,783.26,-1417.84
32,female,28.93,false,southeast,3972.92,5381.18,1408.25
22,male,31.35,false,northwest,2643.27,4051.21,1407.94
31,female,29.1,false,southwest,3761.29,5167.46,1406.17
41,male,28.405,false,northwest,6664.69,8065.96,1401.27
18,male,22.99,false,northeast,1704.57,305.63,-1398.94
21,male,22.3,false,southwest,2103.08,706.37,-1396.71
49,female,29.925,false,northwest,8988.16,10384.18,1396.02
31,female,29.26,false,southeast,4350.51,5741.29,1390.78
63,female,26.22,false,northwest,14256.19,12870.04,-1386.15
56,male,22.1,false,southwest,10577.09,9192.34,-1384.75
60,male,24.32,false,northwest,13112.6,11729.89,-1382.72
63,female,35.2,false,southeast,14474.67,15857.33,1382.65
45,male,28.7,false,southwest,8027.97,9409.51,1381.54
29,female,29.59,false,southeast,3947.41,5324.84,1377.43
47,female,29.37,false,southeast,8547.69,9919.18,1371.49
21,male,31.1,false,southwest,1526.31,2896.91,1370.59
18,male,23.085,false,northeast,1704.7,334.87,-1369.83
34,female,29.26,false,southeast,6184.3,7553.43,1369.13
58,female,32.395,false,northeast,13019.16,14373.56,1354.4
60,female,24.53,false,southeast,12629.9,11279.19,-1350.71
25,female,30.3,false,southwest,2632.99,3982.73,1349.74
53,male,21.4,false,southwest,10065.41,8717.48,-1347.94
58,male,32.01,false,southeast,11946.63,13284.62,1338.0
21,male,31.255,false,northwest,1909.53,3245.41,1335.88
47,female,29.545,false,northwest,8930.93,10266.8,1335.87
36,male,28.595,false,northwest,6548.2,7864.54,1316.35
46,male,19.855,false,northwest,7526.71,6212.25,-1314.46
60,male,24.32,false,northwest,12523.6,11212.33,-1311.28
44,female,36.48,false,northeast,12797.21,11487.08,-1310.13
50,female,30.115,false,northwest,9910.36,11219.22,1308.86
57,male,31.54,false,northwest,11353.23,12657.19,1303.96
51,female,21.56,false,southeast,9855.13,8551.75,-1303.38
33,male,42.46,false,southeast,11326.71,10025.43,-1301.28
54,female,23.0,false,southwest,12094.48,10799.99,-1294.49
31,male,28.595,false,northwest,4243.59,5534.41,1290.82
26,male,20.8,false,southwest,2302.3,1022.21,-1280.09
36,female,29.04,false,southeast,7243.81,8521.29,1277.48
27,female,21.47,false,northwest,3353.47,2084.21,-1269.26
58,male,23.3,false,southwest,11345.52,10079.63,-1265.89
64,male,34.5,false,southwest,13822.8,15080.31,1257.5
60,male,33.11,false,southeast,13919.82,15176.27,1256.44
36,female,27.74,false,northeast,5469.01,6725.43,1256.43
26,female,29.92,false,southeast,3392.98,4649.39,1256.41
38,female,19.95,false,northeast,7133.9,5881.28,-1252.62
19,female,24.51,false,northwest,2709.11,1465.28,-1243.83
45,male,20.35,false,southeast,8605.36,7364.49,-1240.87
54,male,30.21,false,northwest,10231.5,11470.89,1239.39
49,female,21.3,false,southwest,9182.17,7946.7,-1235.47
48,female,28.9,false,southwest,8277.52,9508.95,1231.42
37,male,28.025,false,northwest,6203.9,7430.57,1226.67
35,male,27.61,false,southeast,4747.05,5973.53,1226.47
20,female,31.92,false,northwest,2261.57,3487.06,1225.49
49,male,28.7,false,southwest,8703.46,9927.96,1224.5
19,female,24.605,false,northwest,2709.24,1494.52,-1214.73
26,male,29.15,false,southeast,2902.91,4116.42,1213.52
53,male,29.48,false,southeast,9487.64,10693.47,1205.83
46,female,28.9,false,southwest,8823.28,10026.07,1202.79
57,female,31.825,false,northwest,11842.62,13040.9,1198.28
25,female,22.515,false,northwest,3594.17,2405.35,-1188.82
41,female,28.05,false,southeast,6770.19,7958.95,1188.76
26,female,29.92,false,southeast,3981.98,5166.95,1184.98
28,female,28.88,false,northeast,4337.74,5521.8,1184.07
41,female,28.31,false,northwest,7153.55,8332.73,1179.18
36,male,27.55,false,northeast,6746.74,7923.65,1176.9
22,female,30.4,false,northeast,2741.95,3917.99,1176.04
38,male,27.835,false,northwest,6455.86,7631.1,1175.24
33,female,28.27,false,southeast,4779.6,5954.64,1175.04
20,female,31.46,false,southeast,1877.93,3051.73,1173.8
38,male,19.95,false,northwest,5855.9,4687.03,-1168.88
40,female,28.69,false,northwest,8059.68,9225.8,1166.12
18,male,23.75,false,northeast,1705.62,539.51,-1166.11
45,female,28.6,false,southeast,8516.83,9681.78,1164.95
38,female,27.835,false,northeast,7144.86,8307.8,1162.94
36,female,19.855,false,northeast,5458.05,4298.92,-1159.13
31,male,28.5,false,northeast,6799.46,7956.11,1156.65
19,female,32.11,false,northwest,2130.68,3286.53,1155.85
18,female,31.92,false,northeast,2205.98,3349.74,1143.76
24,male,29.3,false,southwest,1977.82,3119.98,1142.17
29,male,27.94,false,southeast,2867.12,4003.51,1136.39
38,female,27.6,false,southwest,5383.54,6518.87,1135.33
20,female,31.79,false,southeast,3056.39,4188.41,1132.02
30,male,27.645,false,northeast,4237.13,5363.74,1126.62
20,male,31.13,false,southeast,2566.47,3689.3,1122.83
64,male,26.41,false,northeast,14394.56,13272.19,-1122.36
26,female,29.48,false,southeast,3392.37,4513.99,1121.62
55,male,29.9,false,southwest,10214.64,11333.69,1119.06
26,female,22.23,false,northwest,3176.29,2059.09,-1117.2
34,female,27.72,false,southeast,4415.16,5526.82,1111.66
55,female,30.5,false,southwest,10704.47,11814.34,1109.87
31,male,27.645,false,northeast,5031.27,6140.31,1109.04
58,female,31.825,false,northeast,13607.37,14715.72,1108.35
21,male,23.75,false,northwest,3077.1,1970.96,-1106.14
32,male,27.835,false,northwest,4454.4,5559.53,1105.13
24,female,22.6,false,southwest,2457.5,1354.15,-1103.36
26,female,29.355,false,northeast,4564.19,5667.54,1103.34
54,female,30.8,false,southwest,12105.32,13200.35,1095.03
30,female,27.93,false,northeast,4137.52,5229.89,1092.37
47,male,28.215,false,northeast,10407.09,11494.88,1087.79
59,female,32.395,false,northeast,14590.63,15667.69,1077.06
32,female,20.52,false,northeast,4544.23,3467.56,-1076.68
42,male,26.9,false,southwest,5969.72,7043.45,1073.73
43,male,27.36,false,northeast,8606.22,9678.19,1071.97
48,female,28.88,false,northwest,9249.5,10321.16,1071.66
26,female,28.785,false,northeast,3385.4,4457.0,1071.6
31,male,20.4,false,southwest,3260.2,2194.13,-1066.07
59,male,31.79,false,southeast,12928.79,13993.49,1064.69
35,male,27.1,false,southwest,4746.34,5809.55,1063.2
38,female,27.265,false,northeast,6555.07,7614.83,1059.76
24,female,29.925,false,northwest,2850.68,3909.13,1058.45
38,female,28.0,false,southwest,7151.09,8194.65,1043.56
21,male,23.21,false,southeast,1515.34,475.89,-1039.46
22,female,23.18,false,northeast,2731.91,1696.12,-1035.79
19,female,24.7,false,southwest,1737.38,705.39,-1031.99
44,male,27.4,false,southwest,7726.85,8750.45,1023.6
46,female,28.05,false,southeast,8233.1,9253.96,1020.86
57,male,23.7,false,southwest,10959.33,9943.72,-1015.61
55,female,29.83,false,northeast,11286.54,12289.65,1003.11
26,female,22.61,false,northwest,3176.82,2176.03,-1000.79
20,female,30.59,false,northeast,2459.72,3458.45,998.73
19,female,31.825,false,northwest,2719.28,3716.38,997.1
63,male,33.1,false,southwest,13393.76,14390.47,996.72
49,male,28.69,false,northwest,10264.44,11260.81,996.36
40,female,27.4,false,southwest,6496.89,7492.89,996.0
62,female,33.2,false,southwest,13462.52,14458.25,995.73
30,female,28.405,false,northwest,4527.18,5512.94,985.76
24,female,30.1,false,southwest,4234.93,5214.87,979.94
58,male,30.305,false,northeast,11938.26,12916.82,978.57
18,female,32.12,false,southeast,2801.26,3771.96,970.7
44,female,27.645,false,northwest,7421.19,8387.53,966.33
34,female,27.5,false,southwest,5003.85,5969.65,965.79
63,male,33.66,false,southeast,15161.53,16122.53,960.99
33,male,27.455,false,northwest,5261.47,6219.15,957.68
62,male,32.11,false,northeast,13555.0,14508.3,953.29
18,female,25.08,false,northeast,2196.47,1244.81,-951.66
31,male,26.885,false,northeast,4441.21,5388.86,947.65
45,male,27.5,false,southwest,8615.3,9557.79,942.49
19,male,24.6,false,southwest,1837.24,896.17,-941.07
54,male,29.2,false,southwest,10436.1,11376.84,940.74
55,male,28.975,false,northeast,10796.35,11730.52,934.17
53,male,28.88,false,northwest,9869.81,10802.6,932.79
44,female,27.5,false,southwest,7626.99,8559.67,932.67
24,female,30.21,false,northwest,4618.08,5549.52,931.44
45,female,27.83,false,southeast,8515.76,9444.82,929.06
31,female,21.755,false,northwest,4134.08,3207.92,-926.16
25,female,28.595,false,northeast,3213.62,4139.53,925.9
30,female,27.7,false,southwest,3554.2,4477.62,923.42
46,female,27.72,false,southeast,8232.64,9152.41,919.77
49,female,22.61,false,northwest,9566.99,8650.64,-916.35
35,female,27.7,false,southwest,6414.18,7325.32,911.14
46,female,27.74,false,northwest,8026.67,8934.77,908.1
19,male,30.4,false,southwest,1256.3,2163.49,907.19
22,male,28.88,false,northeast,2250.84,3154.22,903.38
29,male,27.2,false,southwest,2866.09,3768.74,902.65
59,female,32.1,false,southwest,14007.22,14895.42,888.2
54,female,24.605,false,northwest,12479.71,11594.71,-884.99
19,male,30.59,false,northwest,1639.56,2522.76,883.19
19,male,30.59,false,northwest,1639.56,2522.76,883.19
43,male,26.03,false,northeast,6837.37,7716.21,878.84
18,female,31.35,false,southeast,1622.19,2499.88,877.69
58,female,25.2,false,southwest,11837.16,10960.34,-876.82
37,female,27.74,false,northwest,7281.51,8156.44,874.93
51,male,27.74,false,northeast,9957.72,10832.02,874.3
59,male,24.7,false,northeast,12323.94,11450.95,-872.99
50,male,27.455,false,northeast,9617.66,10485.31,867.65
19,female,25.745,false,northwest,2710.83,1845.34,-865.49
38,male,21.12,false,southeast,6652.53,5788.44,-864.09
55,female,30.14,false,southeast,11881.97,12745.72,863.75
61,male,31.57,false,southeast,12557.61,13408.66,851.06
59,female,26.695,false,northwest,14382.71,13532.9,-849.81
61,male,32.3,false,northwest,14119.62,14962.2,842.58
59,male,25.46,false,northwest,12124.99,11304.14,-820.85
36,female,26.885,false,northwest,5267.82,6081.63,813.81
49,female,23.18,false,northwest,10156.78,9343.61,-813.17
30,female,21.945,false,northeast,4718.2,3905.64,-812.56
18,female,31.13,false,southeast,1621.88,2432.17,810.29
45,male,21.375,false,northwest,7222.79,6421.01,-801.78
53,female,23.75,false,northeast,11729.68,10935.72,-793.96
42,male,26.125,false,northeast,7729.65,8521.57,791.92
22,female,24.3,false,southwest,2150.47,1359.3,-791.17
57,female,30.495,false,northwest,11840.78,12631.61,790.83
59,female,31.35,false,northwest,12622.18,13412.73,790.55
60,male,25.74,false,southeast,12142.58,11355.55,-787.03
48,female,27.36,false,northeast,9447.38,10234.08,786.7
46,male,26.62,false,southeast,7742.11,8517.89,775.78
19,male,25.175,false,northwest,1632.04,856.36,-775.68
25,male,23.9,false,southwest,5080.1,4305.01,-775.08
40,male,26.315,false,northwest,6389.38,7163.78,774.41
48,female,27.265,false,northeast,9447.25,10204.85,757.6
62,female,32.68,false,northwest,13844.8,14599.03,754.23
39,male,26.22,false,northwest,6123.57,6875.55,751.98
20,male,29.735,false,northwest,1769.53,2518.64,749.11
35,female,26.125,false,northeast,5227.99,5969.43,741.45
42,male,26.315,false,northwest,6940.91,7681.79,740.88
34,female,26.73,false,southeast,5002.78,5739.72,736.94
52,female,23.18,false,northeast,10197.77,9466.18,-731.59
19,male,25.555,false,northwest,2221.56,1490.86,-730.71
28,male,26.98,false,northeast,4435.09,5158.65,723.56
55,female,29.7,false,southwest,11881.36,12603.28,721.92
57,female,25.74,false,southeast,12629.17,11909.67,-719.49
27,female,23.21,false,southeast,3561.89,2843.47,-718.42
53,male,28.6,false,southwest,11253.42,11968.32,714.9
59,male,25.46,false,northeast,12913.99,12202.39,-711.6
25,female,24.3,false,southwest,4391.65,3688.99,-702.66
18,male,30.14,false,southeast,1131.51,1831.51,700.0
62,male,27.55,false,northwest,13937.67,13241.89,-695.78
20,male,30.115,false,northeast,4915.06,5604.09,689.03
24,female,24.225,false,northwest,2842.76,2155.02,-687.74
50,female,23.54,false,southeast,10107.22,9419.63,-687.59
36,female,26.2,false,southwest,4883.87,5570.03,686.16
51,male,22.42,false,northeast,9361.33,8677.29,-684.04
18,female,31.35,false,northeast,4561.19,5244.58,683.39
54,female,28.88,false,northeast,12096.65,12773.42,676.77
36,female,22.135,false,northeast,7228.22,6553.25,-674.97
33,female,26.695,false,northwest,4571.41,5246.15,674.74
24,male,28.5,false,northwest,3537.7,4209.72,672.02
24,male,23.655,false,northwest,2352.97,1683.6,-669.36
24,male,23.4,false,southwest,1969.61,1304.33,-665.29
19,female,30.495,false,northwest,2128.43,2789.53,661.1
19,male,25.555,false,northwest,1632.56,973.3,-659.27
18,male,30.4,false,northeast,3481.87,4138.66,656.79
50,female,28.16,false,southeast,10702.64,11358.95,656.31
18,male,26.18,false,southeast,2304.0,1647.99,-656.01
31,female,26.62,false,southeast,3757.84,4411.3,653.46
44,male,21.85,false,northeast,8891.14,8241.55,-649.59
18,female,30.305,false,northeast,2203.74,2852.74,649.01
29,male,22.515,false,northeast,5209.58,4561.17,-648.41
25,female,23.465,false,northeast,3206.49,2560.83,-645.66
28,male,22.515,false,northeast,4428.89,3784.6,-644.28
62,female,31.73,false,northeast,14043.48,14687.36,643.89
18,male,25.46,false,northeast,1708.0,1065.75,-642.26
49,female,27.17,false,southeast,8601.33,9242.6,641.27
21,male,28.975,false,northwest,1906.36,2543.76,637.41
48,female,22.8,false,southwest,8269.04,7631.74,-637.3
62,female,32.965,false,northwest,15612.19,16239.42,627.23
25,male,27.55,false,northwest,2523.17,3141.25,618.08
33,female,22.135,false,northeast,5354.07,4741.12,-612.96
28,female,23.845,false,northwest,4719.74,4109.22,-610.52
22,female,28.82,false,southeast,2156.75,2757.31,600.56
56,female,25.3,false,southwest,11070.53,10473.11,-597.43
20,female,29.6,false,southwest,1875.34,2472.3,596.96
42,female,26.18,false,southeast,7046.72,7642.48,595.76
18,male,30.03,false,southeast,1720.35,2315.22,594.86
58,male,25.175,false,northeast,11931.13,11338.12,-593.0
18,female,30.115,false,northeast,2203.47,2794.27,590.8
63,male,31.445,false,northeast,13974.46,14562.65,588.2
44,female,26.41,false,northwest,7419.48,8007.47,587.99
39,male,21.85,false,northwest,6117.49,5530.73,-586.76
26,male,27.265,false,northeast,4661.29,5245.92,584.63
53,female,24.795,false,northwest,10942.13,10359.06,-583.08
55,female,25.365,false,northeast,13047.33,12468.28,-579.05
50,male,26.6,false,southwest,8444.47,9023.15,578.67
64,female,30.115,false,northwest,16455.71,15880.37,-575.34
18,female,26.315,false,northeast,2198.19,1624.87,-573.32
56,female,25.65,false,northwest,11454.02,10881.62,-572.41
56,female,28.785,false,northeast,11658.38,12227.06,568.68
48,female,27.93,false,northwest,11015.17,11581.49,566.32
50,female,27.075,false,northeast,10106.13,10664.38,558.25
40,male,25.08,false,southeast,5415.66,5972.4,556.74
50,female,28.12,false,northwest,11085.59,11640.41,554.82
63,male,28.31,false,northwest,13770.1,13217.21,-552.89
34,female,26.41,false,northwest,5385.34,5935.01,549.68
34,male,21.375,false,northeast,4500.34,3952.67,-547.67
47,female,26.6,false,northeast,9715.84,10258.76,542.92
51,male,24.415,false,northwest,11520.1,10980.79,-539.31
41,male,21.78,false,southeast,6272.48,5733.43,-539.05
18,female,26.73,false,southeast,1615.77,1078.13,-537.64
26,male,23.7,false,southwest,3484.33,2949.78,-534.55
23,male,23.845,false,northeast,2395.17,1863.76,-531.41
19,female,29.8,false,southwest,1744.46,2274.85,530.38
30,male,25.46,false,northeast,3645.09,4173.77,528.68
36,female,25.9,false,southwest,5472.45,5995.27,522.82
30,female,22.895,false,northeast,4719.52,4197.99,-521.53
39,female,26.315,false,northwest,7201.7,7718.35,516.65
59,female,26.505,false,northeast,12815.44,12302.43,-513.02
64,female,32.965,false,northwest,14692.67,15204.74,512.07
56,female,28.595,false,northeast,11658.12,12168.59,510.48
27,male,26.03,false,northeast,3070.81,3572.18,501.37
49,male,22.515,false,northeast,8688.86,8188.52,-500.34
40,female,25.46,false,northeast,7077.19,7577.36,500.17
60,male,29.64,false,northeast,12731.0,13230.18,499.18
36,female,25.84,false,northwest,5266.37,5760.04,493.68
44,male,22.135,false,northeast,8302.54,7811.7,-490.84
27,male,23.1,false,southeast,2483.74,1996.05,-487.69
46,male,22.3,false,southwest,7147.1,6663.86,-483.24
22,male,28.31,false,northwest,2639.04,3115.68,476.64
31,male,25.935,false,northwest,4239.89,4715.82,475.93
24,female,27.72,false,southeast,2464.62,2936.8,472.18
54,male,24.035,false,northeast,10422.92,9951.29,-471.62
60,female,30.5,false,southwest,12638.19,13109.35,471.16
53,male,24.32,false,northwest,9863.47,9399.31,-464.16
42,male,24.86,false,southeast,5966.89,6422.7,455.81
39,female,22.8,false,northeast,7985.81,7534.9,-450.91
49,male,25.84,false,northeast,9282.48,9729.31,446.83
59,female,27.72,false,southeast,14001.13,13554.56,-446.57
21,female,25.8,false,southwest,2007.94,1561.9,-446.04
20,female,28.785,false,northeast,2457.21,2902.99,445.78
59,male,26.4,false,southeast,11743.3,11299.65,-443.65
61,female,31.16,false,northwest,13429.04,13872.26,443.23
18,male,26.125,false,northeast,1708.93,1270.39,-438.53
50,male,26.41,false,northwest,8827.21,9265.48,438.27
59,male,29.7,false,southeast,12925.89,13350.31,424.43
56,female,28.31,false,northeast,11657.72,12080.89,423.17
31,female,23.6,false,southwest,4931.65,4510.02,-421.62
59,female,27.83,false,southeast,14001.29,13588.41,-412.87
22,male,25.175,false,northwest,2045.69,1633.36,-412.32
44,female,25.8,false,southwest,7624.63,8036.51,411.88
28,male,24.3,false,southwest,5615.37,5205.12,-410.25
63,female,31.8,false,southwest,13880.95,14286.42,405.47
23,female,28.12,false,northwest,2690.11,3094.66,404.55
47,female,23.6,false,southwest,8539.67,8136.5,-403.18
43,female,25.08,false,northeast,7325.05,7719.87,394.82
34,male,25.27,false,northwest,4894.75,5288.19,393.43
18,male,29.37,false,southeast,1719.44,2112.11,392.67
37,female,23.37,false,northwest,6686.43,6294.06,-392.37
25,male,26.22,false,northeast,2721.32,3112.64,391.32
44,male,25.365,false,northwest,7518.03,7907.44,389.42
47,male,25.46,false,northeast,9225.26,9611.93,386.68
19,male,28.7,false,southwest,1253.94,1640.33,386.39
31,female,25.74,false,southeast,3756.62,4140.49,383.87
27,female,24.1,false,southwest,2974.13,2592.76,-381.37
61,female,28.2,false,southwest,13041.92,12660.56,-381.36
40,male,24.97,false,southeast,6593.51,6973.67,380.16
20,male,27.93,false,northeast,1967.02,2343.86,376.84
53,female,28.1,false,southwest,11741.73,12110.46,368.73
22,female,28.05,false,southeast,2155.68,2520.35,364.67
39,female,23.87,false,southeast,8582.3,8224.85,-357.45
58,female,27.17,false,northwest,12222.9,11867.38,-355.52
56,female,26.6,false,northwest,12044.34,11691.53,-352.81
28,male,23.8,false,southwest,3847.67,3498.56,-349.12
55,male,27.645,false,northwest,10594.5,10940.54,346.04
39,female,24.225,false,northwest,8965.8,8627.87,-337.93
60,female,27.55,false,northeast,13217.09,12883.01,-334.08
21,female,26.4,false,southwest,2597.78,2264.11,-333.67
57,male,28.1,false,southwest,10965.45,11297.77,332.32
23,male,24.51,false,northeast,2396.1,2068.4,-327.69
21,male,27.36,false,northeast,2104.11,2427.45,323.34
20,female,28.975,false,northwest,2257.48,2580.77,323.29
57,female,28.7,false,southwest,11455.28,11778.42,323.14
42,female,25.3,false,southwest,7045.5,7364.64,319.14
21,male,25.745,false,northeast,3279.87,2965.58,-314.29
29,female,25.9,false,southwest,3353.28,3664.69,311.41
59,female,27.5,false,southwest,12233.83,11927.14,-306.69
39,female,23.275,false,northeast,7986.48,7681.08,-305.4
42,male,28.31,true,northwest,32787.46,33084.11,296.65
28,female,26.51,false,southeast,4340.44,4635.57,295.13
37,male,22.705,false,northeast,6985.51,6691.66,-293.85
23,male,27.36,false,northwest,2789.06,3082.33,293.28
63,male,30.8,false,southwest,13390.56,13682.67,292.11
18,male,28.5,false,northeast,1712.23,2001.27,289.04
58,female,29.0,false,southwest,11842.44,12129.74,287.3
40,female,23.37,false,northeast,8252.28,7969.32,-282.97
46,male,25.745,false,northwest,9301.89,9577.51,275.62
58,male,28.595,false,northwest,11735.88,12009.9,274.02
29,female,26.03,false,northwest,3736.46,4005.5,269.04
25,male,26.8,false,southwest,3906.13,4162.33,256.2
19,female,28.9,false,southwest,1743.21,1997.89,254.67
31,female,25.8,false,southwest,4934.7,5187.05,252.34
46,male,25.8,false,southwest,10096.97,10328.76,231.79
29,female,24.6,false,southwest,4529.48,4299.76,-229.72
19,male,28.4,false,southwest,1842.52,2065.57,223.05
40,male,22.705,false,northeast,7173.36,6951.1,-222.26
24,female,26.6,false,northeast,3046.06,3266.59,220.53
57,male,27.94,false,southeast,11554.22,11773.13,218.9
35,female,23.465,false,northeast,6402.29,6185.98,-216.31
41,male,23.94,false,northeast,6858.48,7072.59,214.12
53,male,26.41,false,northeast,11244.38,11458.3,213.92
28,female,25.8,false,southwest,3161.45,3374.92,213.46
44,female,23.98,false,southeast,8211.1,8001.03,-210.07
45,female,25.175,false,northeast,9095.07,9302.23,207.16
25,male,25.84,false,northeast,3309.79,3513.26,203.47
64,female,31.825,false,northeast,16069.08,16269.73,200.64
45,female,25.7,false,southwest,9101.8,9299.87,198.07
59,male,28.785,false,northwest,12129.61,12327.37,197.76
19,female,28.6,false,southwest,4687.8,4493.38,-194.42
23,male,26.51,false,southeast,1815.88,2009.43,193.55
54,female,27.645,false,northwest,11305.93,11495.11,189.18
50,male,25.3,false,southeast,8442.67,8630.12,187.45
22,male,26.84,false,southeast,1665.0,1851.98,186.98
24,female,25.27,false,northeast,3044.21,2857.3,-186.92
59,male,27.5,false,southwest,12333.83,12148.69,-185.14
60,male,28.9,false,southwest,12146.97,12320.96,173.99
45,male,24.31,false,southeast,9788.87,9618.26,-170.6
44,female,25.0,false,southwest,7623.52,7790.32,166.8
46,male,24.795,false,northeast,9500.57,9665.85,165.27
57,female,28.785,false,northeast,14394.4,14556.32,161.92
39,male,24.51,false,northwest,6710.19,6866.88,156.69
25,male,25.74,false,southeast,2137.65,2290.47,152.82
60,female,28.7,false,southwest,13224.69,13072.99,-151.71
62,male,30.02,false,northwest,13352.1,13484.44,132.34
30,male,24.13,false,northwest,4032.24,3901.36,-130.89
51,male,25.4,false,southwest,8782.47,8912.86,130.39
56,male,25.935,false,northeast,11165.42,11054.0,-111.42
28,female,25.935,false,northwest,4133.64,4234.83,101.18
45,male,23.56,false,northeast,8603.82,8509.23,-94.6
37,male,24.32,false,northwest,6198.75,6290.4,91.65
43,male,23.2,false,southwest,6250.44,6163.82,-86.61
33,male,24.605,false,northwest,5257.51,5342.1,84.59
21,male,26.03,false,northeast,2102.26,2018.16,-84.1
50,female,25.6,false,southwest,8932.08,9011.41,79.33
28,female,26.315,false,northwest,5312.17,5386.89,74.72
34,female,23.56,false,northeast,4992.38,4921.08,-71.29
35,male,24.13,false,northwest,5125.22,5196.37,71.15
25,male,26.695,false,northwest,4877.98,4948.38,70.4
24,male,25.8,false,southwest,1972.95,2042.9,69.95
42,female,24.985,false,northwest,8017.06,8086.07,69.01
22,female,27.1,false,southwest,2154.36,2220.96,66.6
29,female,25.6,false,southwest,5708.87,5642.62,-66.24
62,female,30.495,false,northwest,15019.76,14961.75,-58.01
45,male,24.035,false,northeast,8604.48,8655.4,50.92
55,female,26.98,false,northwest,11082.58,11031.91,-50.67
19,male,27.6,false,southwest,1252.41,1301.82,49.41
25,female,26.79,false,northwest,4189.11,4238.5,49.39
27,female,25.175,false,northeast,3558.62,3605.07,46.45
50,female,26.22,false,northwest,10493.95,10538.14,44.19
53,female,26.6,false,northwest,10355.64,10396.96,41.32
19,male,27.835,false,northwest,1635.73,1674.94,39.21
58,female,28.215,false,northwest,12224.35,12188.97,-35.38
33,female,24.31,false,southeast,4185.1,4218.43,33.33
19,female,28.4,false,southwest,2331.52,2361.58,30.06
56,female,27.2,false,southwest,11073.18,11057.81,-15.37
47,female,24.32,false,northeast,8534.67,8521.99,-12.68
51,female,25.8,false,southwest,9861.02,9849.53,-11.5
53,female,26.7,false,southwest,11150.78,11162.06,11.28
18,female,28.215,false,northeast,2200.83,2209.57,8.74
62,female,29.92,false,southeast,13457.96,13455.9,-2.06